{"avg_efactors": 13.0349462551036, "EMPC_avg_efactors": 13.056491457217167}