{"avg_efactors": 13.03144088656155, "EMPC_avg_efactors": 13.057262820872317}