{"avg_efactors": 26.34922419071263, "EMPC_avg_efactors": 13.056491457217167}